<?xml version="1.0" encoding="UTF-8"?>
<project xmlns="http://maven.apache.org/POM/4.0.0" xmlns:xsi="http://www.w3.org/2001/XMLSchema-instance" xsi:schemaLocation="http://maven.apache.org/POM/4.0.0 http://maven.apache.org/maven-v4_0_0.xsd">
  <modelVersion>4.0.0</modelVersion>
  <groupId>com.neotys.weathercrisis</groupId>
  <artifactId>CreateReport</artifactId>
  <name>CreateReport</name>
  <version>0.0.1-SNAPSHOT</version>
  <build>
    <plugins>
      <plugin>
        <artifactId>maven-compiler-plugin</artifactId>
        <version>3.0</version>
        <dependencies>
          <dependency>
            <groupId>org.codehaus.plexus</groupId>
            <artifactId>plexus-compiler-eclipse</artifactId>
            <version>2.2</version>
          </dependency>
          <dependency>
            <groupId>org.eclipse.jdt.core.compiler</groupId>
            <artifactId>ecj</artifactId>
            <version>4.2.1</version>
          </dependency>
        </dependencies>
        <configuration>
          <source>1.7</source>
          <target>1.7</target>
          <compilerId>eclipse</compilerId>
          <optimize>true</optimize>
        </configuration>
      </plugin>
      <plugin>
        <artifactId>maven-shade-plugin</artifactId>
        <version>2.4.3</version>
        <executions>
          <execution>
            <phase>package</phase>
            <goals>
              <goal>shade</goal>
            </goals>
            <configuration>
              <transformers>
                <transformer>
                  <manifestEntries>
                    <Main-Class>com.neotys.selenium.http.App</Main-Class>
                  </manifestEntries>
                </transformer>
              </transformers>
            </configuration>
          </execution>
        </executions>
      </plugin>
    </plugins>
  </build>
  <repositories>
    <repository>
      <id>neotys-apis-releases</id>
      <url>http://maven.neotys.com/content/groups/public</url>
    </repository>
    <repository>
      <id>maven repository</id>
      <url>http://mvnrepository.com/artifact/com.codeborne/phantomjsdriver</url>
    </repository>
  </repositories>
  <properties>
    <project.build.sourceEncoding>UTF-8</project.build.sourceEncoding>
  </properties>
</project>

